CLEAN_Acc,ADV_Acc,PUR_Acc,Chamfer(1024)
0.9288025889967637,0.012944983818770227,0.06998381877022654,"tensor(0.0902, device='cuda:0')"
